{
  "version": 1,
  "author": "CHOQUE Mauricio",
  "editor": "wokwi",
  "parts": [
    { "type": "wokwi-arduino-uno", "id": "uno", "top": 77.4, "left": -0.6, "attrs": {} },
    {
      "type": "wokwi-led",
      "id": "led1",
      "top": -90,
      "left": 109.8,
      "attrs": { "color": "green", "flip": "1" }
    },
    {
      "type": "wokwi-resistor",
      "id": "r1",
      "top": -4.8,
      "left": 133.85,
      "rotate": 90,
      "attrs": { "value": "220" }
    },
    {
      "type": "wokwi-resistor",
      "id": "r2",
      "top": -4.8,
      "left": 105.05,
      "rotate": 90,
      "attrs": { "value": "220" }
    },
    { "type": "wokwi-led", "id": "led2", "top": -90, "left": 138.2, "attrs": { "color": "red" } },
    {
      "type": "wokwi-pushbutton",
      "id": "btn1",
      "top": 25.4,
      "left": 249.6,
      "attrs": { "color": "green" }
    },
    { "type": "wokwi-slide-switch", "id": "sw1", "top": 14, "left": 51.1, "attrs": {} },
    {
      "type": "wokwi-resistor",
      "id": "r3",
      "top": -4.8,
      "left": 76.25,
      "rotate": 90,
      "attrs": { "value": "1000" }
    },
    {
      "type": "wokwi-led",
      "id": "led3",
      "top": -90,
      "left": 90.6,
      "attrs": { "color": "cyan", "flip": "1" }
    },
    { "type": "wokwi-slide-switch", "id": "sw2", "top": 14, "left": 12.7, "attrs": {} },
    { "type": "wokwi-led", "id": "led4", "top": -42, "left": 13.4, "attrs": { "color": "cyan" } },
    {
      "type": "wokwi-led",
      "id": "led5",
      "top": -42,
      "left": 51.8,
      "attrs": { "color": "orange" }
    }
  ],
  "connections": [
    [ "r2:2", "uno:11", "green", [ "h0" ] ],
    [ "uno:GND.1", "led2:C", "black", [ "v0" ] ],
    [ "uno:GND.1", "led1:C", "black", [ "v0" ] ],
    [ "r1:1", "led2:A", "green", [ "h0" ] ],
    [ "r2:1", "led1:A", "green", [ "h0", "v-48" ] ],
    [ "r3:1", "led3:A", "green", [ "h0" ] ],
    [ "uno:GND.1", "led3:C", "black", [ "v0" ] ],
    [ "r3:2", "uno:12", "green", [ "h0" ] ],
    [ "r1:2", "uno:10", "green", [ "h0" ] ],
    [ "btn1:1.l", "uno:8", "green", [ "h0" ] ],
    [ "uno:GND.1", "btn1:2.l", "black", [ "v-28.8", "h153.9" ] ],
    [ "uno:5V", "sw1:3", "red", [ "v0" ] ],
    [ "uno:5V", "sw2:3", "red", [ "v0" ] ],
    [ "uno:GND.1", "sw1:1", "black", [ "v0" ] ],
    [ "uno:GND.1", "sw2:1", "black", [ "v0" ] ],
    [ "sw1:2", "uno:2", "green", [ "v0" ] ],
    [ "sw2:2", "uno:3", "green", [ "v0" ] ]
  ],
  "dependencies": {}
}